{
  "rmseX": 0.00000,
  "rmseY": 0.00000,
  "rmseHeading": 0.00000,
  "maxCurrentAmps": 0.000,
  "sampleCount": 30
}