{
    "cropLeft": 0.052010487765073776,
    "cropRight": 0.9619755148887634,
    "cropTop": 0.020541958510875702,
    "cropBottom": 0.9759615659713745
}